{"cameraMode":{"drawMode":0,"name":"Shaded","section":"Shading Mode"},"sceneLighting":true,"audioPlay":false,"sceneViewState":{"showFog":true,"showMaterialUpdate":true,"showSkybox":true,"showFlares":true,"showImageEffects":true,"showParticleSystems":true},"in2DMode":false,"pivot":{"x":4.948246479034424,"y":0.8225590586662293,"z":-2.4135327339172365},"rotation":{"x":-0.04496233910322189,"y":-0.9442707300186157,"z":0.1444031149148941,"w":-0.2926747500896454},"size":1.5054066181182862,"orthographic":false}